{
    "rmse": 0.6921788398337756,
    "mae": 0.5489248101846234,
    "r2": 0.2981079016794145
}